"";"gradient"
"1";14
"2";24
"3";33
"4";49
"5";61
"6";78
"7";88
"8";95
"9";107
"10";114
"11";123
"12";124
"13";144
"14";152
"15";172
"16";179
"17";182
"18";205
"19";218
"20";219
"21";228
"22";252
"23";256
"24";279
"25";282
"26";287
"27";309
"28";310
"29";317
"30";318
"31";328
"32";340
"33";360
"34";380
"35";388
"36";431
"37";438
"38";441
"39";446
"40";466
"41";499
"42";520
"43";529
"44";534
"45";538
"46";544
"47";548
"48";552
"49";560
"50";581
"51";586
"52";587
"53";594
"54";616
"55";619
"56";638
"57";652
"58";658
"59";670
"60";684
"61";685
"62";694
"63";704
"64";714
"65";715
"66";723
"67";725
"68";731
"69";734
"70";736
"71";747
"72";763
"73";811
"74";829
"75";830
"76";833
"77";837
"78";847
"79";850
"80";853
"81";860
"82";886
"83";901
"84";916
"85";934
"86";947
"87";954
"88";965
"89";973
"90";981
"91";985
"92";987
"93";997
"94";1007
"95";1013
"96";1026
"97";1027
"98";1045
"99";1052
"100";1076
"101";1083
"102";1102
"103";1123
"104";1136
"105";1138
"106";1146
"107";1157
"108";1173
"109";1176
"110";1189
"111";1193
"112";1200
"113";1214
"114";1217
"115";1235
"116";1238
"117";1245
"118";1258
"119";1286
"120";1291
"121";1297
"122";1298
"123";1305
"124";1309
"125";1330
"126";1331
"127";1343
"128";1345
"129";1368
"130";1381
"131";1384
"132";1390
"133";1395
"134";1405
"135";1416
"136";1429
"137";1443
"138";1448
"139";1463
"140";1475
"141";1496
"142";1497
"143";1502
"144";1505
"145";1509
"146";1517
"147";1538
"148";1547
"149";1554
"150";1560
"151";1561
"152";1563
"153";1566
"154";1583
"155";1597
"156";1601
"157";1602
"158";1603
"159";1606
"160";1630
"161";1638
"162";1645
"163";1648
"164";1665
"165";1675
"166";1687
"167";1690
"168";1698
"169";1758
"170";1759
"171";1762
"172";1776
"173";1779
"174";1783
"175";1784
"176";1795
"177";1801
"178";1828
"179";1838
"180";1839
"181";1852
"182";1867
"183";1870
"184";1872
"185";1882
"186";1883
"187";1893
"188";1921
"189";1943
"190";1951
"191";1956
"192";1963
"193";1965
"194";1978
"195";1986
"196";1997
"197";2013
"198";2055
"199";2061
"200";2077
"201";2078
"202";2108
"203";2115
"204";2125
"205";2131
"206";2138
"207";2144
"208";2146
"209";2153
"210";2157
"211";2182
"212";2189
"213";2222
"214";2248
"215";2311
"216";2312
"217";2313
"218";2324
"219";2326
"220";2356
"221";2367
"222";2379
"223";2403
"224";2404
"225";2409
"226";2420
"227";2422
"228";2430
"229";2438
"230";2460
"231";2485
"232";2491
"233";2512
"234";2516
"235";2519
"236";2520
"237";2524
"238";2536
"239";2563
"240";2575
"241";2579
"242";2585
"243";2588
"244";2593
"245";2595
"246";2602
"247";2605
"248";2611
"249";2627
"250";2646
"251";2656
"252";2664
"253";2668
"254";2671
"255";2678
"256";2684
"257";2692
"258";2701
"259";2725
"260";2736
"261";2755
"262";2791
"263";2792
"264";2801
"265";2809
"266";2817
"267";2822
"268";2823
"269";2833
"270";2835
"271";2872
"272";2876
"273";2893
"274";2900
"275";2905
"276";2916
"277";2918
"278";2924
"279";2926
"280";2941
"281";2949
"282";2971
"283";2979
"284";2982
"285";2989
"286";3012
"287";3027
"288";3035
"289";3040
"290";3045
"291";3054
"292";3075
"293";3077
"294";3080
"295";3085
"296";3091
"297";3125
"298";3126
"299";3145
"300";3146
"301";3161
"302";3166
"303";3174
"304";3180
"305";3189
"306";3192
"307";3196
"308";3206
"309";3209
"310";3210
"311";3215
"312";3217
"313";3226
"314";3229
"315";3230
"316";3257
"317";3289
"318";3323
"319";3366
"320";3374
"321";3378
"322";3410
"323";3425
"324";3428
"325";3438
"326";3454
"327";3462
"328";3482
"329";3483
"330";3485
"331";3494
"332";3508
"333";3529
"334";3545
"335";3555
"336";3561
"337";3567
"338";3569
"339";3572
"340";3580
"341";3605
"342";3617
"343";3620
"344";3628
"345";3630
"346";3654
"347";3664
"348";3686
"349";3721
"350";3723
"351";3734
"352";3740
"353";3745
"354";3752
"355";3755
"356";3757
"357";3759
"358";3768
"359";3793
"360";3803
"361";3809
"362";3818
"363";3820
"364";3827
"365";3836
"366";3837
"367";3848
"368";3866
"369";3880
"370";3886
"371";3893
"372";3900
"373";3902
"374";3913
"375";3929
"376";3934
"377";3935
"378";3952
"379";3954
"380";3963
"381";3965
"382";3970
"383";3978
"384";3988
"385";3994
"386";4013
"387";4015
"388";4032
"389";4040
"390";4049
"391";4050
"392";4051
"393";4053
"394";4069
"395";4102
"396";4105
"397";4109
"398";4114
"399";4118
"400";4140
"401";4149
"402";4167
"403";4168
"404";4199
"405";4219
"406";4223
"407";4227
"408";4229
"409";4233
"410";4234
"411";4235
"412";4237
"413";4239
"414";4244
"415";4269
"416";4282
"417";4285
"418";4294
"419";4300
"420";4309
"421";4316
"422";4319
"423";4322
"424";4328
"425";4337
"426";4339
"427";4350
"428";4356
"429";4358
"430";4361
"431";4365
"432";4384
"433";4394
"434";4399
"435";4412
"436";4467
"437";4469
"438";4471
"439";4475
"440";4486
"441";4507
"442";4516
"443";4522
"444";4525
"445";4527
"446";4529
"447";4536
"448";4538
"449";4547
"450";4556
"451";4560
"452";4566
"453";4580
"454";4585
"455";4592
"456";4594
"457";4597
"458";4613
"459";4627
"460";4634
"461";4635
"462";4648
"463";4650
"464";4669
"465";4678
"466";4682
"467";4690
"468";4700
"469";4715
"470";4723
"471";4727
"472";4739
"473";4742
"474";4751
"475";4765
"476";4766
"477";4779
"478";4791
"479";4793
"480";4801
"481";4805
"482";4809
"483";4811
"484";4817
"485";4818
"486";4824
"487";4829
"488";4836
"489";4859
"490";4861
"491";4870
"492";4892
"493";4900
"494";4923
"495";4936
"496";4942
"497";4963
"498";4973
"499";4992
"500";4996
